Trial-ID,Status,Iteration,dropout,epsilon,l1_reg,l2_reg,lrinit,model_depth,num_units,Objective,Val-loss First Fold,Val-loss Second Fold,Val-loss Third Fold
1,COMPLETED,1,0.184124,0.1,0.000162,0.007437,0.008726,3,256,86.43934885660808,64.29546356201172,85.52389526367188,109.49868774414062
2,COMPLETED,1,0.184124,0.1,0.000162,0.007437,0.008726,3,256,52.353416442871094,57.78806686401367,39.608924865722656,59.66325759887695
