{"Training MSE": 319.19306682533505, "Training R2": 0.2951938911866304, "Land MSE": 384.25127587383713, "Land R2": 0.2671162609255209, "Sea MSE": 296.30506560214025, "Sea R2": 0.3063808108677677, "Validation MSE": 316.4442070718459, "Validation R2": 0.299827119252119}