Trial-ID,Status,Iteration,dropout,epsilon,l1_reg,l2_reg,lrinit,num_units,Objective,Val-loss First Fold,Val-loss Second Fold,Val-loss Third Fold
1,COMPLETED,1,0.151082,0.0,0.002857,0.006965,0.002045,32,82.75356419881184,60.36308670043945,75.87583923339844,112.02176666259766
2,COMPLETED,1,0.151082,0.0,0.002857,0.006965,0.002045,32,507.2476285298665,57.96181869506836,679.7767333984375,784.0043334960938
