Trial-ID,Status,Iteration,dropout,epsilon,l1_reg,l2_reg,lrinit,model_depth,num_units,Objective,Val-loss First Fold,Val-loss Second Fold,Val-loss Third Fold
1,COMPLETED,1,0.221,0.1,0.004749,0.008732,0.000433,4,64,42.30618031819662,47.990135192871094,34.24196243286133,44.68644332885742
2,COMPLETED,1,0.221,0.1,0.004749,0.008732,0.000433,4,64,41.357177734375,47.19610595703125,33.512481689453125,43.362945556640625
